{
  "properties": {
    "connectionReferences": {
      "shared_office365groups": {
        "api": {
          "name": "shared_office365groups"
        },
        "connection": {
          "connectionReferenceLogicalName": "ema_sharedoffice365groups_04b52"
        },
        "runtimeSource": "invoker"
      }
    },
    "definition": {
      "$schema": "https://schema.management.azure.com/providers/Microsoft.Logic/schemas/2016-06-01/workflowdefinition.json#",
      "contentVersion": "1.0.0.0",
      "parameters": {
        "$authentication": {
          "defaultValue": {},
          "type": "SecureObject"
        },
        "$connections": {
          "defaultValue": {},
          "type": "Object"
        }
      },
      "triggers": {
        "manual": {
          "type": "Request",
          "kind": "PowerAppV2",
          "inputs": {
            "schema": {
              "type": "object",
              "properties": {
                "text": {
                  "title": "EntraIdGroupId",
                  "type": "string",
                  "x-ms-dynamically-added": true,
                  "description": "Please enter your input",
                  "x-ms-content-hint": "TEXT"
                },
                "text_1": {
                  "title": "UserId",
                  "type": "string",
                  "x-ms-dynamically-added": true,
                  "description": "Please enter your input",
                  "x-ms-content-hint": "TEXT"
                }
              },
              "required": [
                "text",
                "text_1"
              ]
            }
          },
          "metadata": {
            "operationMetadataId": "b161e861-e85a-45e7-80a6-41dae8802c5b"
          }
        }
      },
      "actions": {
        "Try": {
          "type": "Scope",
          "actions": {
            "Send_an_HTTP_request_V2_|_Update_group_to_security_enabled": {
              "type": "OpenApiConnection",
              "inputs": {
                "parameters": {
                  "Uri": "https://graph.microsoft.com/v1.0/groups/@{triggerBody()['text']}",
                  "Method": "PATCH",
                  "Body": "{\"securityEnabled\":true}",
                  "ContentType": "application/json"
                },
                "host": {
                  "apiId": "/providers/Microsoft.PowerApps/apis/shared_office365groups",
                  "operationId": "HttpRequestV2",
                  "connectionName": "shared_office365groups"
                }
              },
              "metadata": {
                "operationMetadataId": "71014add-3367-4a57-b072-9a72c06644f3"
              }
            },
            "Respond_to_a_PowerApp_or_flow_|_On_Success": {
              "type": "Response",
              "kind": "PowerApp",
              "inputs": {
                "schema": {
                  "type": "object",
                  "properties": {
                    "result": {
                      "title": "Result",
                      "x-ms-dynamically-added": true,
                      "type": "string"
                    },
                    "response": {
                      "title": "response",
                      "x-ms-dynamically-added": true,
                      "type": "string"
                    },
                    "flowurl": {
                      "title": "FlowUrl",
                      "x-ms-dynamically-added": true,
                      "type": "string"
                    }
                  },
                  "additionalProperties": {}
                },
                "statusCode": 200,
                "body": {
                  "result": "Succeeded",
                  "response": "That worked! The group has been updated. ✅",
                  "flowurl": "@{concat('https://make.powerautomate.com/manage/environments/', workflow()['tags']['environmentName'], '/flows/', workflow()['name'], '/runs/', workflow()['run']['name'])}"
                }
              },
              "runAfter": {
                "Send_an_HTTP_request_V2_|_Update_group_to_security_enabled": [
                  "Succeeded"
                ]
              },
              "metadata": {
                "operationMetadataId": "959dfdc5-b7f5-40ae-abe9-00c62bc6b604"
              }
            }
          },
          "runAfter": {},
          "metadata": {
            "operationMetadataId": "9f43a625-3c39-4563-b988-989cf941950a"
          }
        },
        "Catch": {
          "type": "Scope",
          "actions": {
            "Terminate": {
              "type": "Terminate",
              "description": "Always set flow to failed",
              "inputs": {
                "runStatus": "Failed"
              },
              "runAfter": {
                "Respond_to_a_PowerApp_or_flow_|_On_Error": [
                  "Succeeded"
                ]
              },
              "metadata": {
                "operationMetadataId": "945f670b-a25f-4795-9e09-6e100d05edb8"
              }
            },
            "Respond_to_a_PowerApp_or_flow_|_On_Error": {
              "type": "Response",
              "kind": "PowerApp",
              "inputs": {
                "schema": {
                  "type": "object",
                  "properties": {
                    "result": {
                      "title": "Result",
                      "x-ms-dynamically-added": true,
                      "type": "string"
                    },
                    "response": {
                      "title": "response",
                      "x-ms-dynamically-added": true,
                      "type": "string"
                    },
                    "flowurl": {
                      "title": "FlowUrl",
                      "x-ms-dynamically-added": true,
                      "type": "string"
                    }
                  },
                  "additionalProperties": {}
                },
                "statusCode": 200,
                "body": {
                  "result": "Failed",
                  "response": "This did not work! Group could not be updated.❌",
                  "flowurl": "@{concat('https://make.powerautomate.com/manage/environments/', workflow()['tags']['environmentName'], '/flows/', workflow()['name'], '/runs/', workflow()['run']['name'])}"
                }
              },
              "metadata": {
                "operationMetadataId": "ceaf54e1-1404-4f25-9007-4bb896bf605a"
              }
            }
          },
          "runAfter": {
            "Try": [
              "Failed",
              "Skipped",
              "TimedOut"
            ]
          },
          "metadata": {
            "operationMetadataId": "38d3c141-db6d-460a-8767-0cb34f63b0f4"
          }
        }
      }
    },
    "templateName": null
  },
  "schemaVersion": "1.0.0.0"
}