<ImportExportXml xmlns:xsi="http://www.w3.org/2001/XMLSchema-instance" OrganizationVersion="9.2.25012.148" OrganizationSchemaType="Standard" CRMServerServiceabilityVersion="9.2.25012.00154">
  <Entities></Entities>
  <Roles></Roles>
  <Workflows>
    <Workflow WorkflowId="{847664ae-db9a-ef11-8a6a-0022485b26e7}" Name="MyGroups | Set M365 Group to 'securityenabled = true' | Instant">
      <JsonFileName>/Workflows/MyGroupsSetM365GrouptosecurityenabledtrueInstant-847664AE-DB9A-EF11-8A6A-0022485B26E7.json</JsonFileName>
      <Type>1</Type>
      <Subprocess>0</Subprocess>
      <Category>5</Category>
      <Mode>0</Mode>
      <Scope>4</Scope>
      <OnDemand>0</OnDemand>
      <TriggerOnCreate>0</TriggerOnCreate>
      <TriggerOnDelete>0</TriggerOnDelete>
      <AsyncAutodelete>0</AsyncAutodelete>
      <SyncWorkflowLogOnFailure>0</SyncWorkflowLogOnFailure>
      <StateCode>1</StateCode>
      <StatusCode>2</StatusCode>
      <RunAs>1</RunAs>
      <IsTransacted>1</IsTransacted>
      <IntroducedVersion>1.0.0.0</IntroducedVersion>
      <IsCustomizable>1</IsCustomizable>
      <BusinessProcessType>0</BusinessProcessType>
      <IsCustomProcessingStepAllowedForOtherPublishers>1</IsCustomProcessingStepAllowedForOtherPublishers>
      <PrimaryEntity>none</PrimaryEntity>
      <LocalizedNames>
        <LocalizedName languagecode="1033" description="MyGroups | Set M365 Group to 'securityenabled = true' | Instant" />
      </LocalizedNames>
    </Workflow>
    <Workflow WorkflowId="{693ffaa5-3cda-ef11-a731-6045bd16503a}" Name="MyGroups | Add Group Owner | Instant">
      <JsonFileName>/Workflows/MyGroupsAddGroupOwnerInstant-693FFAA5-3CDA-EF11-A731-6045BD16503A.json</JsonFileName>
      <Type>1</Type>
      <Subprocess>0</Subprocess>
      <Category>5</Category>
      <Mode>0</Mode>
      <Scope>4</Scope>
      <OnDemand>0</OnDemand>
      <TriggerOnCreate>0</TriggerOnCreate>
      <TriggerOnDelete>0</TriggerOnDelete>
      <AsyncAutodelete>0</AsyncAutodelete>
      <SyncWorkflowLogOnFailure>0</SyncWorkflowLogOnFailure>
      <StateCode>1</StateCode>
      <StatusCode>2</StatusCode>
      <RunAs>1</RunAs>
      <IsTransacted>1</IsTransacted>
      <IntroducedVersion>1.0.0.4</IntroducedVersion>
      <IsCustomizable>1</IsCustomizable>
      <BusinessProcessType>0</BusinessProcessType>
      <IsCustomProcessingStepAllowedForOtherPublishers>1</IsCustomProcessingStepAllowedForOtherPublishers>
      <PrimaryEntity>none</PrimaryEntity>
      <LocalizedNames>
        <LocalizedName languagecode="1033" description="MyGroups | Add Group Owner | Instant" />
      </LocalizedNames>
    </Workflow>
    <Workflow WorkflowId="{66b272f1-3eda-ef11-a731-6045bd16503a}" Name="MyGroups | List Group Owners and Send to PowerApps | Instant">
      <JsonFileName>/Workflows/MyGroupsListGroupOwnersandSendtoPowerAppsInstant-66B272F1-3EDA-EF11-A731-6045BD16503A.json</JsonFileName>
      <Type>1</Type>
      <Subprocess>0</Subprocess>
      <Category>5</Category>
      <Mode>0</Mode>
      <Scope>4</Scope>
      <OnDemand>0</OnDemand>
      <TriggerOnCreate>0</TriggerOnCreate>
      <TriggerOnDelete>0</TriggerOnDelete>
      <AsyncAutodelete>0</AsyncAutodelete>
      <SyncWorkflowLogOnFailure>0</SyncWorkflowLogOnFailure>
      <StateCode>1</StateCode>
      <StatusCode>2</StatusCode>
      <RunAs>1</RunAs>
      <IsTransacted>1</IsTransacted>
      <IntroducedVersion>1.0.0.4</IntroducedVersion>
      <IsCustomizable>1</IsCustomizable>
      <BusinessProcessType>0</BusinessProcessType>
      <IsCustomProcessingStepAllowedForOtherPublishers>1</IsCustomProcessingStepAllowedForOtherPublishers>
      <PrimaryEntity>none</PrimaryEntity>
      <LocalizedNames>
        <LocalizedName languagecode="1033" description="MyGroups | List Group Owners and Send to PowerApps | Instant" />
      </LocalizedNames>
    </Workflow>
    <Workflow WorkflowId="{61591f4c-4ada-ef11-a731-6045bd16503a}" Name="MyGroups | Remove Group Owner | Instant">
      <JsonFileName>/Workflows/MyGroupsRemoveGroupOwnerInstant-61591F4C-4ADA-EF11-A731-6045BD16503A.json</JsonFileName>
      <Type>1</Type>
      <Subprocess>0</Subprocess>
      <Category>5</Category>
      <Mode>0</Mode>
      <Scope>4</Scope>
      <OnDemand>0</OnDemand>
      <TriggerOnCreate>0</TriggerOnCreate>
      <TriggerOnDelete>0</TriggerOnDelete>
      <AsyncAutodelete>0</AsyncAutodelete>
      <SyncWorkflowLogOnFailure>0</SyncWorkflowLogOnFailure>
      <StateCode>1</StateCode>
      <StatusCode>2</StatusCode>
      <RunAs>1</RunAs>
      <IsTransacted>1</IsTransacted>
      <IntroducedVersion>1.0.0.4</IntroducedVersion>
      <IsCustomizable>1</IsCustomizable>
      <BusinessProcessType>0</BusinessProcessType>
      <IsCustomProcessingStepAllowedForOtherPublishers>1</IsCustomProcessingStepAllowedForOtherPublishers>
      <PrimaryEntity>none</PrimaryEntity>
      <LocalizedNames>
        <LocalizedName languagecode="1033" description="MyGroups | Remove Group Owner | Instant" />
      </LocalizedNames>
    </Workflow>
  </Workflows>
  <FieldSecurityProfiles></FieldSecurityProfiles>
  <Templates />
  <EntityMaps />
  <EntityRelationships />
  <OrganizationSettings />
  <optionsets />
  <CustomControls />
  <EntityDataProviders />
  <CanvasApps>
    <CanvasApp>
      <Name>ema_mygroupsusermanagement_40bf8</Name>
      <AppVersion>2025-01-24T23:22:14Z</AppVersion>
      <Status>Ready</Status>
      <CreatedByClientVersion>3.25012.14.0</CreatedByClientVersion>
      <MinClientVersion>3.25012.14.0</MinClientVersion>
      <Tags>{"primaryDeviceWidth":"2504","primaryDeviceHeight":"1179","supportsPortrait":"true","supportsLandscape":"true","primaryFormFactor":"Tablet","showStatusBar":"false","publisherVersion":"3.25012.14","minimumRequiredApiVersion":"2.2.0","hasComponent":"false","hasUnlockedComponent":"false","isUnifiedRootApp":"false","sienaVersion":"20250124T231435Z-3.25012.14.0"}</Tags>
      <IsCdsUpgraded>0</IsCdsUpgraded>
      <GalleryItemId xsi:nil="true"></GalleryItemId>
      <BackgroundColor>rgba(29, 65, 29, 1)</BackgroundColor>
      <DisplayName>MyGroups - Manage Users</DisplayName>
      <Description xsi:nil="true"></Description>
      <CommitMessage xsi:nil="true"></CommitMessage>
      <Publisher xsi:nil="true"></Publisher>
      <AuthorizationReferences>[]</AuthorizationReferences>
      <ConnectionReferences>{"b62ce747-3db6-4496-8714-a3bc5a487f7a":{"id":"/providers/microsoft.powerapps/apis/shared_office365groups","displayName":"Office 365 Groups","iconUri":"https://conn-afd-prod-endpoint-bmc9bqahasf3grgk.b01.azurefd.net/releases/v1.0.1681/1.0.1681.3663/office365groups/icon.png","dataSources":["Office365Groups"],"dependencies":[],"dependents":["e1f14b57-1c88-493a-a2c6-60155c4c7602"],"parameterHints":{},"parameterHintsV2":{},"isOnPremiseConnection":false,"bypassConsent":false,"dataSets":{},"apiTier":"Standard","actions":["RemoveMemberFromGroup","AddMemberToGroup","ListOwnedGroups_V2","ListGroupMembers"]},"bf2bf794-7846-4013-9006-0f38ffbdc377":{"id":"/providers/microsoft.powerapps/apis/shared_office365users","displayName":"Office 365 Users","iconUri":"https://conn-afd-prod-endpoint-bmc9bqahasf3grgk.b01.azurefd.net/releases/v1.0.1718/1.0.1718.3951/office365users/icon.png","dataSources":["Office365Users"],"dependencies":[],"dependents":[],"parameterHints":{},"parameterHintsV2":{},"isOnPremiseConnection":false,"bypassConsent":false,"dataSets":{},"apiTier":"Standard","actions":["SearchUserV2"]},"e1f14b57-1c88-493a-a2c6-60155c4c7602":{"id":"/providers/microsoft.powerapps/apis/shared_logicflows","displayName":"Logic flows","iconUri":"https://conn-afd-prod-endpoint-bmc9bqahasf3grgk.b01.azurefd.net/releases/v1.0.1725/1.0.1725.4004/logicflows/icon.png","dataSources":["MyGroups|SetM365Groupto'securityenabled=true'|Instant"],"dependencies":["b62ce747-3db6-4496-8714-a3bc5a487f7a"],"dependents":[],"parameterHints":{"workflowName":{"value":"11d8990b-75fc-4f20-bce6-f0ad78da5739"},"workflowEntityId":{"value":"847664ae-db9a-ef11-8a6a-0022485b26e7"},"workflowDisplayName":{"value":"MyGroups | Set M365 Group to 'securityenabled = true' | Instant"},"b62ce747-3db6-4496-8714-a3bc5a487f7a":{"value":"shared_office365groups"}},"parameterHintsV2":{"workflowName":{"value":"11d8990b-75fc-4f20-bce6-f0ad78da5739"},"workflowEntityId":{"value":"847664ae-db9a-ef11-8a6a-0022485b26e7"},"workflowDisplayName":{"value":"MyGroups | Set M365 Group to 'securityenabled = true' | Instant"},"shared_office365groups":{"value":"b62ce747-3db6-4496-8714-a3bc5a487f7a"}},"isOnPremiseConnection":false,"bypassConsent":false,"dataSets":{},"apiTier":"Standard","actions":["Run"]},"9d5f8042-9c16-425f-9247-274b7895f337":{"id":"/providers/microsoft.powerapps/apis/shared_logicflows","displayName":"Logic flows","iconUri":"https://conn-afd-prod-endpoint-bmc9bqahasf3grgk.b01.azurefd.net/releases/v1.0.1725/1.0.1725.4004/logicflows/icon.png","dataSources":["MyGroups|AddGroupOwner|Instant"],"dependencies":["142d76fb-19a8-4f8e-8f23-44d79e896b06"],"dependents":[],"parameterHints":{"workflowName":{"value":"81d7041e-0f21-45dd-ab48-2048dbea338f"},"workflowEntityId":{"value":"693ffaa5-3cda-ef11-a731-6045bd16503a"},"workflowDisplayName":{"value":"MyGroups | Add Group Owner | Instant"},"142d76fb-19a8-4f8e-8f23-44d79e896b06":{"value":"shared_office365groups"}},"parameterHintsV2":{"workflowName":{"value":"81d7041e-0f21-45dd-ab48-2048dbea338f"},"workflowEntityId":{"value":"693ffaa5-3cda-ef11-a731-6045bd16503a"},"workflowDisplayName":{"value":"MyGroups | Add Group Owner | Instant"},"shared_office365groups":{"value":"142d76fb-19a8-4f8e-8f23-44d79e896b06"}},"isOnPremiseConnection":false,"bypassConsent":false,"dataSets":{},"apiTier":"Standard","actions":["Run"]},"142d76fb-19a8-4f8e-8f23-44d79e896b06":{"id":"/providers/microsoft.powerapps/apis/shared_office365groups","displayName":"Office 365 Groups","iconUri":"https://conn-afd-prod-endpoint-bmc9bqahasf3grgk.b01.azurefd.net/releases/v1.0.1681/1.0.1681.3663/office365groups/icon.png","dataSources":[],"dependencies":[],"dependents":["9d5f8042-9c16-425f-9247-274b7895f337","2b37091e-deea-4005-9eb7-21cd218b3775","9958196a-9ab8-4b4b-adf2-da78e361f5e4"],"parameterHints":{},"parameterHintsV2":{},"isOnPremiseConnection":false,"bypassConsent":false,"dataSets":{},"apiTier":"Standard"},"2b37091e-deea-4005-9eb7-21cd218b3775":{"id":"/providers/microsoft.powerapps/apis/shared_logicflows","displayName":"Logic flows","iconUri":"https://conn-afd-prod-endpoint-bmc9bqahasf3grgk.b01.azurefd.net/releases/v1.0.1725/1.0.1725.4004/logicflows/icon.png","dataSources":["MyGroups|ListGroupOwnersandSendtoPowerApps|Instant"],"dependencies":["142d76fb-19a8-4f8e-8f23-44d79e896b06"],"dependents":[],"parameterHints":{"workflowName":{"value":"c60d4351-f2a9-47fe-98a3-3a7cd4bc42dc"},"workflowEntityId":{"value":"66b272f1-3eda-ef11-a731-6045bd16503a"},"workflowDisplayName":{"value":"MyGroups | List Group Owners and Send to PowerApps | Instant"},"142d76fb-19a8-4f8e-8f23-44d79e896b06":{"value":"shared_office365groups"}},"parameterHintsV2":{"workflowName":{"value":"c60d4351-f2a9-47fe-98a3-3a7cd4bc42dc"},"workflowEntityId":{"value":"66b272f1-3eda-ef11-a731-6045bd16503a"},"workflowDisplayName":{"value":"MyGroups | List Group Owners and Send to PowerApps | Instant"},"shared_office365groups":{"value":"142d76fb-19a8-4f8e-8f23-44d79e896b06"}},"isOnPremiseConnection":false,"bypassConsent":false,"dataSets":{},"apiTier":"Standard","actions":["Run"]},"9958196a-9ab8-4b4b-adf2-da78e361f5e4":{"id":"/providers/microsoft.powerapps/apis/shared_logicflows","displayName":"Logic flows","iconUri":"https://conn-afd-prod-endpoint-bmc9bqahasf3grgk.b01.azurefd.net/releases/v1.0.1725/1.0.1725.4004/logicflows/icon.png","dataSources":["MyGroups|RemoveGroupOwner|Instant"],"dependencies":["142d76fb-19a8-4f8e-8f23-44d79e896b06"],"dependents":[],"parameterHints":{"workflowName":{"value":"118cda8c-b569-4a22-aec2-708d8375e005"},"workflowEntityId":{"value":"61591f4c-4ada-ef11-a731-6045bd16503a"},"workflowDisplayName":{"value":"MyGroups | Remove Group Owner | Instant"},"142d76fb-19a8-4f8e-8f23-44d79e896b06":{"value":"shared_office365groups"}},"parameterHintsV2":{"workflowName":{"value":"118cda8c-b569-4a22-aec2-708d8375e005"},"workflowEntityId":{"value":"61591f4c-4ada-ef11-a731-6045bd16503a"},"workflowDisplayName":{"value":"MyGroups | Remove Group Owner | Instant"},"shared_office365groups":{"value":"142d76fb-19a8-4f8e-8f23-44d79e896b06"}},"isOnPremiseConnection":false,"bypassConsent":false,"dataSets":{},"apiTier":"Standard","actions":["Run"]}}</ConnectionReferences>
      <DatabaseReferences>{}</DatabaseReferences>
      <AppComponents>[]</AppComponents>
      <AppComponentDependencies>[]</AppComponentDependencies>
      <CanConsumeAppPass>0</CanConsumeAppPass>
      <CanvasAppType>0</CanvasAppType>
      <BypassConsent>0</BypassConsent>
      <AdminControlBypassConsent>0</AdminControlBypassConsent>
      <EmbeddedApp xsi:nil="true"></EmbeddedApp>
      <IntroducedVersion>1.0</IntroducedVersion>
      <CdsDependencies>{"cdsdependencies":[{"dependencyid":"847664ae-db9a-ef11-8a6a-0022485b26e7","componenttype":29,"componenttypeplatformname":"Workflow"},{"dependencyid":"693ffaa5-3cda-ef11-a731-6045bd16503a","componenttype":29,"componenttypeplatformname":"Workflow"},{"dependencyid":"66b272f1-3eda-ef11-a731-6045bd16503a","componenttype":29,"componenttypeplatformname":"Workflow"},{"dependencyid":"61591f4c-4ada-ef11-a731-6045bd16503a","componenttype":29,"componenttypeplatformname":"Workflow"}]}</CdsDependencies>
      <IsCustomizable>1</IsCustomizable>
      <BackgroundImageUri>/CanvasApps/ema_mygroupsusermanagement_40bf8_BackgroundImageUri</BackgroundImageUri>
      <DocumentUri>/CanvasApps/ema_mygroupsusermanagement_40bf8_DocumentUri.msapp</DocumentUri>
      <AdditionalUris>
        <AdditionalUri>/CanvasApps/ema_mygroupsusermanagement_40bf8_AdditionalUris0_identity.json</AdditionalUri>
      </AdditionalUris>
    </CanvasApp>
  </CanvasApps>
  <connectionreferences>
    <connectionreference connectionreferencelogicalname="ema_sharedoffice365groups_04b52">
      <connectionreferencedisplayname>Office 365 Groups MyGroupsManagerUsers-04b52</connectionreferencedisplayname>
      <connectorid>/providers/Microsoft.PowerApps/apis/shared_office365groups</connectorid>
      <iscustomizable>1</iscustomizable>
      <statecode>0</statecode>
      <statuscode>1</statuscode>
    </connectionreference>
  </connectionreferences>
  <Languages>
    <Language>1033</Language>
  </Languages>
</ImportExportXml>