{"__Version":"0.1","App":"2e08a318-9160-409a-b5e5-04877da40fe7","Test_7F478737223C4B69":"799ef0cd-c387-40c4-afc5-7e2485001119","Host":"6a0d2f05-6405-4681-ac0e-6eba39f1a80a","Screen MyGroups":"7c615747-b68c-42da-9dc8-88ad92b6f452","con_screen":"5cf463e4-1022-4727-aca5-78b0b35f26b7","con_header":"105d9468-6019-4be3-9431-4edf25b995be","lbl_app_header":"ebabfb3e-fb21-4c41-a3de-6376c89a0c20","img_set_german_language":"a9b3ccd8-e15e-4517-8a92-c7268cb57b5c","img_set_english_language":"ec4d6260-aac4-41d9-a12e-0d7e6bafedcd","con_main":"a6568cad-5bf5-4355-8c90-55a4cb78ed06","con_menu_references":"05dabe25-1ed7-4f6b-8714-125f4d3edee1","con_groups_you_own":"0a9fc270-61c1-48d2-a195-9baca639df68","lbl_groups_you_own":"98b6125e-b7e9-4dfb-961f-ecc97533ae67","img_expand_groups":"de968e7d-d4c8-4b92-a23d-ac219d3fae22","con_search_groups":"c9531028-e98c-4c90-adac-6db05a547023","txt_search_groups":"9ab124c2-f210-47d1-a6b5-76efb3d008f0","img_search_groups":"01206661-ad09-4900-af2b-859d360507dd","lbl_no_of_groups":"86f20647-dd37-45d9-b36e-8929f1979502","gal_groups":"fca28da0-cf2d-4b4a-9fae-a2d950733053","galleryTemplate1_1":"899c55cb-c6e5-4867-9f38-7330e158a33f","lbl_email_user_1":"a2811770-8ae1-47ce-9f61-5f1046ae278f","con_groups":"0b5b5dbb-145e-419b-b527-d9419e9e30bf","btn_select_group":"8d18cb64-f6c7-4a61-bc3a-d8aeabd14bfa","btn_edit_security_enable_group":"589dbdb5-bde3-4bc9-925c-1969b367faaa","lbl_displayname_group":"2183862a-38b6-4410-ae98-c217a1cb03e3","rct_separator_group":"48acef22-daef-425c-84a0-637e870a426e","con_main_screen":"58781fed-2cec-4fd9-ac59-58e98ced5832","con_body":"a5a4c7d8-c398-4377-9136-d5a141a6b622","con_tables":"6ce089ee-c5a6-49e5-8e20-5482964e10e9","lbl_warning_top_threshold":"947a6f6c-3f1d-40e9-8ba3-f7b3e272b63a","con_search":"161cf52e-137a-4414-bf7c-3685ec9ffd9b","txt_search":"51db6ddb-9a69-449d-a46f-0cea38b35c00","img_search":"a9df7e2e-72b6-4f2f-b63d-8c06730daa4f","lbl_no_of_users":"6f9064d0-7136-4218-ae09-bc8d8205f6d9","con_galUser_header":"387b41df-a0c9-4200-bd0b-7e64f43a0ccd","lbl_displayname_user":"f180b3ba-1793-4d80-b88b-ad67e1b408f0","lbl_email_user":"ab266d52-a299-43fd-898f-458d43d2f901","btn_show_add_user_dialog":"48366275-8067-42c8-afac-7940e5a49e5b","rct_item_separator":"f49f7b7e-ca53-4cdb-9fd4-d8a65508e729","gal_user":"69d90895-b8d5-40d7-9713-f2b2efa295fa","galleryTemplate1":"d85fbda1-8241-43a4-a4e1-5915dd86335f","con_items":"40652b7a-bc7e-4be2-ba8b-9a1954cb0741","lbl_displayname":"bd6dc0f4-d6c4-439e-8ec2-964b8c28dd17","lbl_email":"d66cde40-ecbb-4dcc-9600-d0458bbe3267","btn_open_add_owner_dialog":"e75a149e-8959-4f15-b2b1-9a0e87f89c84","btn_open_remove_owner_dialog":"16201e85-37a3-45b6-8352-fcf093fa1201","btn_remove_user_from_dialog":"a180b49e-73dd-4c35-8f01-a6aef61b4040","rct_item_separator_1":"babd0819-3f20-4d92-b006-56fdafab7211","con_add_user_dialog":"aae91adf-35c7-4bbc-8a1a-011cd7eddb92","con_inner_dialog":"e2498e21-c5b6-4bba-913b-7c1819816b93","btn_cancel_add_user":"90ac32a2-d4cc-4325-9967-e19585b8a8b9","lbl_header_add_user":"bd77c57c-b161-48fc-ac34-3d0f53ead989","con_search_add_user":"2218f3eb-a2ed-4e72-af3c-42eb61b2a426","txt_search_add_user":"b5a7dfd3-3dd1-4f8f-9c4c-c0c92f7d4ed6","img_search_add_user":"4bd2a82a-4306-4e40-b9e6-1865ee5beae2","gal_search_add_user":"70961311-aac0-48c7-afc6-c10d7052b9c1","galleryTemplate1_2":"9029bf50-aeaa-43d4-8340-767ba6879b88","con_user_search_add_user":"9cfb9b09-df49-4c54-839d-ae9c902342c6","lbl_displayname_upn":"cb2ce383-a17f-41e2-a11f-92e977c7d25c","btn_add_user":"0b7f9cc2-d582-47bd-8f1e-9dba799c556b","rct_gal_search_add_user":"feeb5ef8-32a1-4e45-a2ad-e2f5f53ab259","btn_done_button":"bac73269-65aa-435d-ae89-6b6fee636b55","con_loading_spinner":"c1a6703f-c08c-4434-aacd-3b23fc6113ff","spn_loading_spinner":"c69942b1-f110-4af5-b249-b93c9063b9b6","con_patch_group_to_security_enabled":"5d9766e5-d266-47ee-b245-69ee026e1667","con_inner_dialog_security_enabled":"ba58678e-50e5-4096-88ad-ccbf4fef087f","btn_cancel_security_enabled":"956eab47-a35f-4a0a-8b63-8cd1bff6e090","lbl_header_security_enabled":"19125be7-21f6-41fe-a2c1-2d350bde9243","lbl_description_security_enabled":"5edbf00d-b975-45a2-bdc2-eddc992963c1","lbl_filler_security_enabled":"7d934afa-c9f6-4000-8d28-e1b5edc066cb","con_buttons_security_enabled":"e5bab6d0-3a48-4530-83f8-25c12886f7a6","btn_no_security_enabled":"e7c7d758-b3a9-4f5a-92c8-5ecf3cd21cc5","btn_yes_security_enabled":"baa9001f-6cb8-47cb-a03e-966e007b90dd","con_add_group_owner":"d9d59886-93cd-42d0-a05c-1510cdca027c","con_inner_dialog_group_owner":"5949a012-d8d5-4966-955f-1e09c89676cd","btn_cancel_group_owner":"dc76aa73-012e-41c5-bfce-cf583f0752cd","lbl_group_owner_header":"d385db14-9c0d-49bd-9a8a-bf21145e656c","lbl_group_owner_description":"9a7aec0f-9d9c-47e2-9d0f-11164614002e","lbl_filler_group_owner":"914a2215-ee6e-45fc-a0ab-a1238427726e","con_buttons_group_owner":"755cd056-8380-4f52-af94-8e02f233ce47","btn_no_group_owner":"08eeaab9-8253-49f2-acf9-0ef77d4fd93f","btn_yes_group_owner":"e451f647-287d-4256-90f6-3ad225a084d5","con_remove_group_owner":"649c489c-95f4-4a07-9ccb-8f52845ccdbe","con_inner_dialog_GroupRemove":"29a276f3-78ac-4e0a-b1f1-1922b3ba9590","btnCancelGroupRemove":"aab1c58b-18ce-45e9-a9b6-e429f1c88d43","lbl_GroupRemoveHeader":"bc239b85-58b5-41a3-b114-8362db7144be","lbl_GroupRemoveDescription":"627df820-2a6c-43a9-b47f-a1dd724945bd","lbl_GroupPatchDescription_4":"53acee56-48c7-437c-93b5-23e550d7b7a2","Container1_2":"39cc296b-65ec-4a35-a11e-d4144f746bc3","btnNoGroupRemove":"f6806550-f981-4c03-a2b5-5310c4c89450","btnYesGroupRemove":"c5e43315-84ad-45d5-a81a-233bd96617b8","btn_get_groups_i_own":"79d3e519-0f0a-40d9-a1b4-8380811cb21f","btn_list_groups_member_and_owners":"fe8ca92f-cc9e-4f84-82c8-f3b3d54a2d91","lbl_email_user_2":"02b027d0-e789-4820-9dd8-e5b6ea7b281f","Loading Screen":"da17eca3-c89b-48a3-baa4-06d1f901f48a","spn_loading":"4b7b8ae8-55af-43bb-ab8b-8d91f899d173","tmr_navigate":"ae565e3c-2a7a-4bac-b691-577061456af6"}