<ImportExportXml xmlns:xsi="http://www.w3.org/2001/XMLSchema-instance" OrganizationVersion="9.2.24103.192" OrganizationSchemaType="Standard" CRMServerServiceabilityVersion="9.2.24103.00192">
  <Entities></Entities>
  <Roles></Roles>
  <Workflows>
    <Workflow WorkflowId="{847664ae-db9a-ef11-8a6a-0022485b26e7}" Name="MyGroups | Set M365 Group to 'securityenabled = true' | Instant">
      <JsonFileName>/Workflows/MyGroupsSetM365GrouptosecurityenabledtrueInstant-847664AE-DB9A-EF11-8A6A-0022485B26E7.json</JsonFileName>
      <Type>1</Type>
      <Subprocess>0</Subprocess>
      <Category>5</Category>
      <Mode>0</Mode>
      <Scope>4</Scope>
      <OnDemand>0</OnDemand>
      <TriggerOnCreate>0</TriggerOnCreate>
      <TriggerOnDelete>0</TriggerOnDelete>
      <AsyncAutodelete>0</AsyncAutodelete>
      <SyncWorkflowLogOnFailure>0</SyncWorkflowLogOnFailure>
      <StateCode>1</StateCode>
      <StatusCode>2</StatusCode>
      <RunAs>1</RunAs>
      <IsTransacted>1</IsTransacted>
      <IntroducedVersion>1.0.0.0</IntroducedVersion>
      <IsCustomizable>1</IsCustomizable>
      <BusinessProcessType>0</BusinessProcessType>
      <IsCustomProcessingStepAllowedForOtherPublishers>1</IsCustomProcessingStepAllowedForOtherPublishers>
      <PrimaryEntity>none</PrimaryEntity>
      <LocalizedNames>
        <LocalizedName languagecode="1033" description="MyGroups | Set M365 Group to 'securityenabled = true' | Instant" />
      </LocalizedNames>
    </Workflow>
  </Workflows>
  <FieldSecurityProfiles></FieldSecurityProfiles>
  <Templates />
  <EntityMaps />
  <EntityRelationships />
  <OrganizationSettings />
  <optionsets />
  <CustomControls />
  <EntityDataProviders />
  <CanvasApps>
    <CanvasApp>
      <Name>ema_mygroupsusermanagement_40bf8</Name>
      <AppVersion>2024-11-05T22:57:57Z</AppVersion>
      <Status>Ready</Status>
      <CreatedByClientVersion>3.24103.17.0</CreatedByClientVersion>
      <MinClientVersion>3.24103.17.0</MinClientVersion>
      <Tags>{"primaryDeviceWidth":"1864","primaryDeviceHeight":"939","supportsPortrait":"true","supportsLandscape":"true","primaryFormFactor":"Tablet","showStatusBar":"false","publisherVersion":"3.24103.17","minimumRequiredApiVersion":"2.2.0","hasComponent":"false","hasUnlockedComponent":"false","isUnifiedRootApp":"false","sienaVersion":"20241104T194659Z-3.24103.17.0"}</Tags>
      <IsCdsUpgraded>0</IsCdsUpgraded>
      <GalleryItemId xsi:nil="true"></GalleryItemId>
      <BackgroundColor>rgba(29, 65, 29, 1)</BackgroundColor>
      <DisplayName>MyGroups - Manage Users</DisplayName>
      <Description xsi:nil="true"></Description>
      <CommitMessage xsi:nil="true"></CommitMessage>
      <Publisher xsi:nil="true"></Publisher>
      <AuthorizationReferences>[]</AuthorizationReferences>
      <ConnectionReferences>{"b62ce747-3db6-4496-8714-a3bc5a487f7a":{"id":"/providers/microsoft.powerapps/apis/shared_office365groups","displayName":"Office 365 Groups","iconUri":"https://connectoricons-prod.azureedge.net/releases/v1.0.1681/1.0.1681.3663/office365groups/icon.png","dataSources":["Office365Groups"],"dependencies":[],"dependents":["e1f14b57-1c88-493a-a2c6-60155c4c7602"],"parameterHints":{},"parameterHintsV2":{},"isOnPremiseConnection":false,"bypassConsent":false,"dataSets":{},"apiTier":"Standard","actions":["RemoveMemberFromGroup","AddMemberToGroup","ListGroupMembers","ListOwnedGroups_V2"]},"bf2bf794-7846-4013-9006-0f38ffbdc377":{"id":"/providers/microsoft.powerapps/apis/shared_office365users","displayName":"Office 365 Users","iconUri":"https://connectoricons-prod.azureedge.net/releases/v1.0.1718/1.0.1718.3944/office365users/icon.png","dataSources":["Office365Users"],"dependencies":[],"dependents":[],"parameterHints":{},"parameterHintsV2":{},"isOnPremiseConnection":false,"bypassConsent":false,"dataSets":{},"apiTier":"Standard","actions":["SearchUserV2"]},"e1f14b57-1c88-493a-a2c6-60155c4c7602":{"id":"/providers/microsoft.powerapps/apis/shared_logicflows","displayName":"Logic flows","iconUri":"https://connectoricons-prod.azureedge.net/releases/v1.0.1719/1.0.1719.3953/logicflows/icon.png","dataSources":["MyGroups|SetM365Groupto'securityenabled=true'|Instant"],"dependencies":["b62ce747-3db6-4496-8714-a3bc5a487f7a"],"dependents":[],"parameterHints":{"workflowName":{"value":"c3ab868e-4d52-4ffb-ae9a-29fd69a9b781"},"workflowEntityId":{"value":"847664ae-db9a-ef11-8a6a-0022485b26e7"},"workflowDisplayName":{"value":"MyGroups | Set M365 Group to 'securityenabled = true' | Instant"},"b62ce747-3db6-4496-8714-a3bc5a487f7a":{"value":"shared_office365groups"}},"parameterHintsV2":{"workflowName":{"value":"c3ab868e-4d52-4ffb-ae9a-29fd69a9b781"},"workflowEntityId":{"value":"847664ae-db9a-ef11-8a6a-0022485b26e7"},"workflowDisplayName":{"value":"MyGroups | Set M365 Group to 'securityenabled = true' | Instant"},"shared_office365groups":{"value":"b62ce747-3db6-4496-8714-a3bc5a487f7a"}},"isOnPremiseConnection":false,"bypassConsent":false,"dataSets":{},"apiTier":"Standard","actions":["Run"]}}</ConnectionReferences>
      <DatabaseReferences>{}</DatabaseReferences>
      <AppComponents>[]</AppComponents>
      <AppComponentDependencies>[]</AppComponentDependencies>
      <CanConsumeAppPass>0</CanConsumeAppPass>
      <CanvasAppType>0</CanvasAppType>
      <BypassConsent>0</BypassConsent>
      <AdminControlBypassConsent>0</AdminControlBypassConsent>
      <EmbeddedApp xsi:nil="true"></EmbeddedApp>
      <IntroducedVersion>1.0</IntroducedVersion>
      <CdsDependencies>{"cdsdependencies":[{"dependencyid":"847664ae-db9a-ef11-8a6a-0022485b26e7","componenttype":29,"componenttypeplatformname":"Workflow"}]}</CdsDependencies>
      <IsCustomizable>1</IsCustomizable>
      <BackgroundImageUri>/CanvasApps/ema_mygroupsusermanagement_40bf8_BackgroundImageUri</BackgroundImageUri>
      <DocumentUri>/CanvasApps/ema_mygroupsusermanagement_40bf8_DocumentUri.msapp</DocumentUri>
      <AdditionalUris>
        <AdditionalUri>/CanvasApps/ema_mygroupsusermanagement_40bf8_AdditionalUris0_identity.json</AdditionalUri>
      </AdditionalUris>
    </CanvasApp>
  </CanvasApps>
  <connectionreferences>
    <connectionreference connectionreferencelogicalname="ema_sharedoffice365groups_04b52">
      <connectionreferencedisplayname>Office 365 Groups MyGroupsManagerUsers-04b52</connectionreferencedisplayname>
      <connectorid>/providers/Microsoft.PowerApps/apis/shared_office365groups</connectorid>
      <iscustomizable>1</iscustomizable>
      <statecode>0</statecode>
      <statuscode>1</statuscode>
    </connectionreference>
  </connectionreferences>
  <Languages>
    <Language>1033</Language>
  </Languages>
</ImportExportXml>